<stallionsden>
<append xpath="/lootcontainers">
<!-- storeShelving01 -->
<lootcontainer id="212" count="1,2" size="8,9" sound_open="UseActions/open_backpack" sound_close="UseActions/close_backpack" open_time="2" loot_quality_template="qualPlus1Template">
	<item group="cupboard"/>
	<item name="resourceScrapPolymers" count="0,2" prob="0.15"/>
	<item group="junk"/>
	<item group="automotive+tools+junk"/>
	<item name="resourcePaint" count="50,150" prob="0.01"/>
	<item group="garbage"/>
	<item group="dyes" prob="0.08"/>
	<item group="backpacks/survival"/>
	<item group="electricalDevices" prob="0.01"/>	
	<item group="groupAmmoRegularGunslinger"/>
	<item group="groupAmmoRegular"/>
	<item group="groupAmmoAdvancedGunslinger"/>
	<item group="groupAmmoAdvanced"/>
	<item name="resourceGlue" />
	<item name="resourceCloth" count="1,3"/>
	<item name="resourceGlue"/>
	<item name="resourceBulletCasing"/>
	<item group="workingStiffs"/>
</lootcontainer>

<!-- storeShelving01Double -->
<lootcontainer id="213" count="1,2" size="8,9" sound_open="UseActions/open_backpack" sound_close="UseActions/close_backpack" open_time="3.5" loot_quality_template="qualPlus1Template">
	<item name="foodShamSandwich" count="1,3"/>
	<item group="coldfood"/>
	<item group="beverages" count="1,2"/>
	<item name="foodHoney" count="1" prob="0.1"/>
	<item group="cupboard"/>
	<item name="toolCookingPot" count="1"/>
	<item name="drinkJarEmpty" count="1,2"/>
	<item name="drinkCanEmpty" count="1,2"/>
</lootcontainer>

<!-- storeShelving01Top -->
<lootcontainer id="214" count="1,2" size="8,9" sound_open="UseActions/open_backpack" sound_close="UseActions/close_backpack" open_time="2" loot_quality_template="qualPlus1Template">
	<item group="cupboard"/>
	<item group="beverages"/>
	<item group="cannedfood"/>
	<item group="brewerySafe"/>
	<item name="drinkJarBoiledWater" count="1,2" prob="0.15"/>
	<item name="toolCookingPot" count="1"/>
	<item name="drinkJarEmpty" count="1,2"/>
	<item name="drinkCanEmpty" count="1,2"/>
</lootcontainer>

<!-- storeShelving01TopDouble -->
<lootcontainer id="215" count="1,2" size="8,9" sound_open="UseActions/open_backpack" sound_close="UseActions/close_backpack" open_time="2.5" loot_quality_template="qualPlus1Template">
	<item group="cupboard"/>
	<item group="books"/>
	<item name="resourcePaper" count="1,3" prob="0.031"/>
	<item group="trophyGroup"/>	
</lootcontainer>
</append>
</stallionsden>