<configs>
	<!-- Player backpack window -->
	<set xpath="/windows/window[@name='windowBackpack']/@width">673</set>
	<set xpath="/windows/window[@name='windowBackpack']/@height">416</set>
	<set xpath="/windows/window[@name='windowBackpack']/panel[@name='content']/@height">370</set>
	<set xpath="/windows/window[@name='windowBackpack']/panel[@name='content']/sprite[@name='backgroundMain']/@width">673</set>
	<set xpath="/windows/window[@name='windowBackpack']/panel[@name='content']/sprite[@name='backgroundMain']/@height">403</set>
	<set xpath="/windows/window[@name='windowBackpack']/panel[@name='content']/grid[@name='inventory']/@rows">6</set>
	<set xpath="/windows/window[@name='windowBackpack']/panel[@name='content']/grid[@name='inventory']/@cols">10</set>
	<!-- Crafting Queue x5 -->
	<set xpath="/windows/window[@name='windowCraftingQueue']/rect/@pos">10,0</set>
	<set xpath="/windows/window[@name='windowCraftingQueue']/rect/grid/@cols">5</set>
</configs>
