<configs>
	<append xpath="/items">


<item name="meleeToolBossBadAssAxeBM"> <!-- T2 Tools -->
	<property name="Tags" value="axe,melee,grunting,medium,tool,attStrength,perkMiner69r,perkMotherLode,canHaveCosmetic"/>
	<property name="CustomIcon" value="meleeToolFireaxeIron"/>
	<property name="CustomIconTint" value="323ea8"/>
	<property name="DisplayType" value="melee"/>
	<property name="HoldType" value="17"/>
	<property name="Meshfile" value="#Other/Items?Weapons/Melee/Axe/fireaxePrefab.prefab"/>
	<property name="Material" value="Mmetal"/>
	<property name="RepairTools" value="resourceRepairKit"/>
	<property name="DegradationBreaksAfter" value="false"/>
	<property name="SoundJammed" value="ItemNeedsRepair"/>
	<property name="FuelValue" value="1000"/>
	<property name="EconomicValue" value="2599"/>
	<property name="SoundDestroy" value="wooddestroy1"/>
	<property name="UnlockedBy" value="perkMiner69r,meleeToolIronSetSchematic"/>
	<property name="ShowQuality" value="true"/>
	<property class="Action0">
		<property name="Class" value="DynamicMelee"/>
		<property name="Sphere" value=".15"/>
		<property name="Sound_start" value="swoosh"/>
		<property name="ToolCategory.harvestingTools" value="1" param1="4"/>
		<property name="ToolCategory.Butcher" value="1" param1="4"/>
		<property name="Sound_harvesting" value="open_animal" param1="organic"/>
		<property name="GrazeStart" value=".4"/>
		<property name="GrazeEnd" value=".5"/>
		<property name="SwingDegrees" value="50"/>
		<property name="UseGrazingHits" value="true"/>
		<property name="SwingAngle" value="0"/>
	</property>
	<property class="Action1">
		<property name="Class" value="DynamicMelee"/>
		<property name="Sphere" value=".15"/>
		<property name="Sound_start" value="swoosh"/>
		<property name="ToolCategory.harvestingTools" value="1" param1="1"/>
		<property name="ToolCategory.Butcher" value="1" param1="4"/>
		<property name="Sound_harvesting" value="open_animal" param1="organic"/>
		<property name="UsePowerAttackAnimation" value="true"/>
		<property name="GrazeStart" value=".4"/>
		<property name="GrazeEnd" value=".5"/>
		<property name="SwingDegrees" value="50"/>
		<property name="UseGrazingHits" value="true"/>
		<property name="SwingAngle" value="135"/>
	</property>
	<effect_group name="meleeToolFireaxeIron">
		<passive_effect name="MaxRange" operation="base_set" value="10.5"/>
		<passive_effect name="BlockRange" operation="base_set" value="9.2"/>

		<passive_effect name="EntityDamage" operation="base_set" value="1.2"/>
		<passive_effect name="EntityDamage" operation="perc_add" value="-.15,.15"/> <!-- random rng -->
		<passive_effect name="EntityDamage" operation="perc_add" value=".1,.5" tier="1,6"/> <!-- tier bonus -->

		<passive_effect name="BlockDamage" operation="base_set" value="999.4"/>
		<passive_effect name="BlockDamage" operation="perc_add" value="-.15,.15"/> <!-- random rng -->
		<passive_effect name="BlockDamage" operation="perc_add" value=".1,.5" tier="2,6"/> <!-- tier bonus -->

		<passive_effect name="DegradationMax" operation="perc_add" value="-.1,.2" tags="perkMiner69r"/> <!-- random DegMax -->
		<passive_effect name="AttacksPerMinute" operation="perc_add" value=".05,.05"/> <!-- random APM -->
		<passive_effect name="StaminaLoss" operation="perc_add" value="-.1,.2"/> <!-- random StamLoss -->

		<passive_effect name="DegradationMax" operation="base_set" value="2000,10000" tier="1,6" tags="perkMiner69r"/>
		<passive_effect name="DegradationPerUse" operation="base_set" value="10" tags="perkMiner69r"/>
		<passive_effect name="AttacksPerMinute" operation="base_set" value="175"/>
		<passive_effect name="StaminaLoss" operation="base_set" value=".1" tags="primary"/>

		<passive_effect name="HarvestCount" operation="base_set" value="2" tags="butcherHarvest"/>
		<passive_effect name="DamageModifier" operation="perc_add" value="2" tags="earth"/>
		<passive_effect name="DamageModifier" operation="perc_add" value="3" tags="stone"/>
		<passive_effect name="DamageModifier" operation="perc_add" value="20" tags="metal"/>
		<passive_effect name="ModSlots" operation="base_set" value="2,3,4,5,6,7" tier="1,2,3,4,5,6"/>
		<passive_effect name="ModPowerBonus" operation="perc_add" value="5" tags="EntityDamage,BlockDamage"/>
		<passive_effect name="ModPowerBonus" operation="base_add" value="20" tags="EconomicValue"/>
	</effect_group>
	<effect_group name="Power Attack">
		<passive_effect name="EntityDamage" operation="perc_add" value="1" tags="secondary"/>
		<passive_effect name="BlockDamage" operation="perc_add" value="3" tags="secondary"/>
		<passive_effect name="AttacksPerMinute" operation="perc_add" value=".3" tags="secondary"/>
		<passive_effect name="StaminaLoss" operation="base_add" value="6" tags="secondary"/>
		<!-- Moaning and grunting sounds moved to buffs.xml, <effect_group name="Power Attack Grunt"> -->
	</effect_group>

	<property name="Group" value="Tools/Traps"/>
	<property name="RepairExpMultiplier" value="5.5"/>
</item>


<item name="meleeClubBossBadAssClubBM"> <!-- T1 clubs -->
	<property name="Tags" value="blunt,club,melee,grunting,light,perkFlurryOfBlows,weapon,meleeWeapon,attStrength,perkPummelPete,canHaveCosmetic"/>
	<property name="CustomIcon" value="meleeClubWood"/>
	<property name="CustomIconTint" value="323ea8"/>
	<property name="DisplayType" value="melee"/>
	<property name="Group" value="Ammo/Weapons,Basics"/>
	<property name="Meshfile" value="#Other/Items?Weapons/Melee/Club/Club_Wood_BranchPrefab.prefab"/>
	<property name="HoldType" value="2"/>
	<property name="Material" value="Mwood"/>
	<property name="RepairTools" value="resourceWood"/>
	<property name="SoundDestroy" value="wooddestroy1"/>
	<property name="RepairExpMultiplier" value="5.5"/>
	<property name="SellableToTrader" value="True"/>
	<property name="EconomicBundleSize" value="1"/>
	<property name="EconomicValue" value="2500"/>
	<property name="FuelValue" value="250"/>
	<property name="ShowQuality" value="true"/>

	<property class="Action0">
		<property name="Class" value="DynamicMelee"/>
		<property name="Sound_start" value="swoosh"/>
		<property name="Sphere" value=".1"/>
		<property name="ToolCategory.harvestingTools" value=".5" param1="1"/>

		<property name="UseGrazingHits" value="true"/>
		<property name="GrazeStart" value=".25"/>
		<property name="GrazeEnd" value=".32"/>
		<property name="SwingDegrees" value="65"/>
		<property name="SwingAngle" value="180"/>
		<property class="HitSounds">
			<property name="Override0" value="organic" param1="woodhitorganic"/>
		</property>
		<property class="GrazeSounds">
			<property name="Override0" value="organic" param1="woodgrazeorganic"/>
		</property>
	</property>

	<property class="Action1">
		<property name="Class" value="DynamicMelee"/>
		<property name="Sound_start" value="swoosh"/>
		<property name="Sphere" value=".15"/>
		<property name="ToolCategory.harvestingTools" value=".5" param1="1"/>
		<property name="UsePowerAttackAnimation" value="true"/>

		<property name="UseGrazingHits" value="true"/>
		<property name="IsHorizontalSwing" value="true"/>
		<property name="GrazeStart" value=".25"/>
		<property name="GrazeEnd" value=".32"/>
		<property name="SwingDegrees" value="120"/>
		<property name="SwingAngle" value="90"/>
		<property class="HitSounds">
			<property name="Override0" value="organic" param1="woodhitorganic"/>
		</property>
		<property class="GrazeSounds">
			<property name="Override0" value="organic" param1="woodgrazeorganic"/>
		</property>
	</property>

	<effect_group name="meleeClubWood">
		<passive_effect name="MaxRange" operation="base_set" value="5.1"/>
		<passive_effect name="BlockRange" operation="base_set" value="3"/>
		<passive_effect name="EntityDamage" operation="base_set" value="40.1"/> <!-- meleeClubWood -->
		<passive_effect name="EntityDamage" operation="perc_add" value=".15,.15"/> <!-- random rng -->
		<passive_effect name="EntityDamage" operation="perc_add" value="1,5" tier="2,6"/> <!-- tier bonus -->

		<passive_effect name="BlockDamage" operation="base_set" value="11.6"/>
		<passive_effect name="BlockDamage" operation="perc_add" value="-.15,.15"/> <!-- random BlockDmg -->
		<passive_effect name="BlockDamage" operation="perc_add" value=".1,.5" tier="2,6"/> <!-- tier bonus -->

		<passive_effect name="DamageModifier" operation="perc_add" value="-.5" tags="earth"/>
		<passive_effect name="DamageModifier" operation="perc_add" value="-.5" tags="stone"/>
		<passive_effect name="DamageModifier" operation="perc_add" value="-.5" tags="metal"/>
		<passive_effect name="AttacksPerMinute" operation="base_set" value="85"/>
		<passive_effect name="StaminaLoss" operation="base_set" value=".5" tags="primary"/>
		<passive_effect name="DegradationMax" operation="base_set" value="5000,10000" tier="1,6" tags="perkPummelPete"/>
		<passive_effect name="DegradationPerUse" operation="base_set" value="10" tags="perkPummelPete"/>
		<passive_effect name="ModSlots" operation="base_set" value="1,1,2,2,3,4" tier="1,2,3,4,5,6"/>

		<passive_effect name="HarvestCount" operation="base_add" value="-.75" tags="allHarvest"/>
		<passive_effect name="HarvestCount" operation="base_add" value="-.75" tags="allToolsHarvest"/>
		<passive_effect name="HarvestCount" operation="base_add" value="-.75" tags="oreWoodHarvest"/>
	</effect_group>
	<effect_group name="Power Attack">
		<passive_effect name="EntityDamage" operation="perc_add" value="5" tags="secondary"/>
		<passive_effect name="BlockDamage" operation="perc_add" value="1" tags="secondary"/>
		<passive_effect name="StaminaLoss" operation="base_add" value="2.2" tags="secondary"/>

		<triggered_effect trigger="onSelfSecondaryActionStart" action="AddJournalEntry" journal="powerAttackTip"/>
	</effect_group>
</item>
		
	
<item name="meleeToolBossWrenchBM"> <!-- T2 Salvage -->
	<property name="Tags" value="blunt,melee,grunting,light,tool,attPerception,perkSalvageOperations,canHaveCosmetic"/>
	<property name="CustomIcon" value="meleeToolWrench"/>
	<property name="CustomIconTint" value="323ea8"/>
	<property name="DisplayType" value="melee"/>
	<property name="HoldType" value="29"/>
	<property name="Meshfile" value="#Other/Items?Tools/wrenchPrefab.prefab"/>
	<property name="Material" value="Mmetal"/>
	<property name="RepairTools" value="resourceRepairKit"/>
	<property name="DegradationBreaksAfter" value="false"/>
	<property name="SoundJammed" value="ItemNeedsRepair"/>
	<property name="SoundDestroy" value="metaldestroy"/>
	<property name="EconomicValue" value="2500"/>
	<property name="UnlockedBy" value="perkSalvageOperations,meleeToolWrenchSchematic"/>
	<property name="ShowQuality" value="true"/>
	<property class="Action0">
		<property name="Class" value="DynamicMelee"/>
		<property name="Sound_start" value="swoosh"/>
		<property name="ToolCategory.harvestingTools" value="1" param1="2"/>
		<property name="ToolCategory.Disassemble" value="1" param1="1"/>
		<property name="Sound_harvesting" value="wrench_harvest"/>
		<property name="Particle_harvesting" value="true" param1="metal"/>

		<property name="UseGrazingHits" value="true"/>
		<property name="GrazeStart" value=".25"/>
		<property name="GrazeEnd" value=".3"/>
		<property name="SwingDegrees" value="50"/>
		<property name="SwingAngle" value="180"/>
	</property>

	<property class="Action1">
		<property name="Class" value="DynamicMelee"/>
		<property name="Sound_start" value="swoosh"/>
		<property name="ToolCategory.harvestingTools" value=".5" param1="1"/>
		<!-- <property name="UsePowerAttackAnimation" value="true"/> -->
	</property>

	<effect_group name="meleeToolWrench">
		<passive_effect name="MaxRange" operation="base_set" value="4"/>
		<passive_effect name="BlockRange" operation="base_set" value="3"/>
		<passive_effect name="EntityDamage" operation="base_set" value="18"/> <!-- meleeToolWrench -->
		<passive_effect name="EntityDamage" operation="perc_add" value="-.15,.15"/> <!-- random rng -->
		<passive_effect name="EntityDamage" operation="perc_add" value=".1,.5" tier="2,6"/> <!-- tier bonus -->

		<passive_effect name="BlockDamage" operation="base_set" value="100.1"/>
		<passive_effect name="BlockDamage" operation="perc_add" value="-.75,.75"/> <!-- random BlockDmg -->
		<passive_effect name="BlockDamage" operation="perc_add" value=".1,.5" tier="2,6"/> <!-- tier bonus -->

		<passive_effect name="DamageModifier" operation="perc_add" value="-.5" tags="wood"/>
		<passive_effect name="DamageModifier" operation="perc_add" value="-.75" tags="earth"/>
		<passive_effect name="DamageModifier" operation="perc_add" value="-.5" tags="stone"/>

		<passive_effect name="AttacksPerMinute" operation="base_set" value="105.7"/>
		<passive_effect name="HarvestCount" operation="base_set" value="2" tags="salvageHarvest"/>
		<passive_effect name="StaminaLoss" operation="base_set" value="1.8" tags="primary"/>
		<passive_effect name="DegradationMax" operation="base_set" value="5000,8000" tier="1,6" tags="perkSalvageOperations"/>
		<passive_effect name="DegradationPerUse" operation="base_set" value="5" tags="perkSalvageOperations"/>
		<passive_effect name="ModSlots" operation="base_set" value="1,1,2,2,3,4" tier="1,2,3,4,5,6"/>
		<passive_effect name="ModPowerBonus" operation="perc_add" value=".10" tags="EntityDamage,BlockDamage"/>
		<passive_effect name="ModPowerBonus" operation="base_add" value="200" tags="EconomicValue"/>
	</effect_group>
	<effect_group name="Power Attack">
		<passive_effect name="EntityDamage" operation="perc_add" value="1" tags="secondary"/>
		<passive_effect name="BlockDamage" operation="perc_add" value="1" tags="secondary"/>
		<passive_effect name="StaminaLoss" operation="base_add" value="25.2" tags="secondary"/>
	</effect_group>
	<property name="Group" value="Tools/Traps"/>
	<property name="RepairExpMultiplier" value="5.5"/>
	
	
</item>

<item name="medicalFirstAidKitAllowCreamBM">
	<property name="Extends" value="medicalBandage" param1="DescriptionKey"/>
	<property name="Group" value="Science,Medical"/>
	<property name="EconomicValue" value="1500"/>
	<property name="Stacknumber" value="25"/>
	<property name="UnlockedBy" value="perkYeahScience,medicalFirstAidKitSchematic"/>
<property name="CustomIcon" value="BossAllowCream"/>

	<property class="Action0">
		<!-- <requirement name="StatCompare" stat="health" operation="lte" value="50"/> -->
		<property name="Sound_start" value="player_firstAidKit"/>
	</property>
	<property class="Action1">
		<property name="Sound_start" value="player_firstAidKit"/>
	</property>

	<effect_group tiered="false">
		<triggered_effect trigger="onSelfPrimaryActionEnd" action="ModifyCVar" cvar="maxHealthAmount" operation="add" value="90"/> <!-- X -->
		<triggered_effect trigger="onSelfPrimaryActionEnd" action="ModifyCVar" cvar="maxHealthIncrease" operation="set" value="@medicPerkIncrease"/>

		<triggered_effect trigger="onSelfPrimaryActionEnd" action="ModifyCVar" cvar="medicalHealthAmount" operation="add" value="180"/> <!-- X -->
		<triggered_effect trigger="onSelfPrimaryActionEnd" action="ModifyCVar" cvar="healthIncrease" operation="set" value="@healthPerkIncrease"/>
		<display_value name="foodHealthAmount" value="180"/>

		<triggered_effect trigger="onSelfPrimaryActionEnd" action="AddBuff" buff="buffProcessConsumables"/>
		<triggered_effect trigger="onSelfPrimaryActionEnd" action="RemoveBuff" buff="buffInjuryBleeding"/>

		<triggered_effect trigger="onSelfSecondaryActionEnd" action="ModifyCVar" target="other" cvar="maxHealthAmount" operation="add" value="90"/> <!-- X -->
		<triggered_effect trigger="onSelfSecondaryActionEnd" action="ModifyCVar" target="other" cvar="maxHealthIncrease" operation="set" value="1.25">
			<requirement name="CVarCompare" cvar="maxHealthIncrease" operation="Equals" value="1.25"/> </triggered_effect>
		<triggered_effect trigger="onSelfSecondaryActionEnd" action="ModifyCVar" target="other" cvar="maxHealthIncrease" operation="set" value="1.5">
			<requirement name="CVarCompare" cvar="maxHealthIncrease" operation="Equals" value="1.5"/> </triggered_effect>
		<triggered_effect trigger="onSelfSecondaryActionEnd" action="ModifyCVar" target="other" cvar="maxHealthIncrease" operation="set" value="2">
			<requirement name="CVarCompare" cvar="maxHealthIncrease" operation="Equals" value="2"/> </triggered_effect>

		<triggered_effect trigger="onSelfSecondaryActionEnd" action="ModifyCVar" target="other" cvar="medicalHealthAmount" operation="add" value="180"/> <!-- X -->
		<triggered_effect trigger="onSelfSecondaryActionEnd" action="ModifyCVar" target="other" cvar="healthIncrease" operation="set" value="2.5">
			<requirement name="CVarCompare" cvar="healthIncrease" operation="Equals" value="2.5"/> </triggered_effect>
		<triggered_effect trigger="onSelfSecondaryActionEnd" action="ModifyCVar" target="other" cvar="healthIncrease" operation="set" value="3">
			<requirement name="CVarCompare" cvar="healthIncrease" operation="Equals" value="3"/> </triggered_effect>
		<triggered_effect trigger="onSelfSecondaryActionEnd" action="ModifyCVar" target="other" cvar="healthIncrease" operation="set" value="4">
			<requirement name="CVarCompare" cvar="healthIncrease" operation="Equals" value="4"/> </triggered_effect>

		<triggered_effect trigger="onSelfSecondaryActionEnd" action="AddBuff" target="other" buff="buffProcessConsumables"/>
		<triggered_effect trigger="onSelfSecondaryActionEnd" action="RemoveBuff" target="other" buff="buffInjuryBleeding"/>
		<triggered_effect trigger="onSelfSecondaryActionEnd" action="GiveExp" exp="300"/>
	</effect_group>
	<effect_group tiered="false">
		<!-- medical XP gains -->
		<triggered_effect trigger="onSelfPrimaryActionEnd" action="GiveExp" exp="300"/>
		<triggered_effect trigger="onSelfPrimaryActionEnd" action="GiveExp" exp="60">
			<requirement name="ProgressionLevel" progression_name="perkPhysician" operation="Equals" value="1"/>
		</triggered_effect>
		<triggered_effect trigger="onSelfPrimaryActionEnd" action="GiveExp" exp="120">
			<requirement name="ProgressionLevel" progression_name="perkPhysician" operation="Equals" value="2"/>
		</triggered_effect>
				<triggered_effect trigger="onSelfPrimaryActionEnd" action="GiveExp" exp="180">
			<requirement name="ProgressionLevel" progression_name="perkPhysician" operation="Equals" value="3"/>
		</triggered_effect>
		<triggered_effect trigger="onSelfPrimaryActionEnd" action="GiveExp" exp="240">
			<requirement name="ProgressionLevel" progression_name="perkPhysician" operation="Equals" value="4"/>
		</triggered_effect>
				<triggered_effect trigger="onSelfPrimaryActionEnd" action="GiveExp" exp="300">
			<requirement name="ProgressionLevel" progression_name="perkPhysician" operation="Equals" value="5"/>
		</triggered_effect>
	</effect_group>

	<effect_group tiered="false">
		<!-- medical XP secondary action gains -->
		<triggered_effect trigger="onSelfSecondaryActionEnd" action="GiveExp" exp="300"/>
		<triggered_effect trigger="onSelfSecondaryActionEnd" action="GiveExp" exp="60">
			<requirement name="ProgressionLevel" progression_name="perkPhysician" operation="Equals" value="1"/>
		</triggered_effect>
		<triggered_effect trigger="onSelfSecondaryActionEnd" action="GiveExp" exp="120">
			<requirement name="ProgressionLevel" progression_name="perkPhysician" operation="Equals" value="2"/>
		</triggered_effect>
				<triggered_effect trigger="onSelfSecondaryActionEnd" action="GiveExp" exp="180">
			<requirement name="ProgressionLevel" progression_name="perkPhysician" operation="Equals" value="3"/>
		</triggered_effect>
		<triggered_effect trigger="onSelfSecondaryActionEnd" action="GiveExp" exp="240">
			<requirement name="ProgressionLevel" progression_name="perkPhysician" operation="Equals" value="4"/>
		</triggered_effect>
				<triggered_effect trigger="onSelfSecondaryActionEnd" action="GiveExp" exp="300">
			<requirement name="ProgressionLevel" progression_name="perkPhysician" operation="Equals" value="5"/>
		</triggered_effect>
	</effect_group>
</item>
<item name="gunBowPrimitiveBossBasAssBowBM"> <!-- T1 bows -->
	<property name="Tags" value="weapon,ranged,bowDrawPenalty,archery,bow,attAgility,perkArchery,canHaveCosmetic"/>
	<property name="CustomIcon" value="gunBowPrimitive"/>
	<property name="CustomIconTint" value="323ea8"/>	
	<property name="DisplayType" value="rangedBow"/>
	<property name="HoldType" value="27"/> <!-- "Sway Off" is hardcoded for hold types 26, 27, 53 -->
	<property name="Meshfile" value="#Other/Items?Weapons/Ranged/Bows/WoodenBow/WoodenBowPrefab.prefab"/>
	<property name="Material" value="Mwood"/>
	<property name="RepairTools" value="resourceWood"/>
	<property name="FuelValue" value="500"/>
	<property name="EconomicValue" value="5000"/>
	<property name="EconomicBundleSize" value="1"/>
	<property name="SellableToTrader" value="true"/>
	<property name="DegradationBreaksAfter" value="false"/>
	<property name="SoundJammed" value="ItemNeedsRepair"/>
	<property name="SoundDestroy" value="wooddestroy1"/>
	<property name="CrosshairOnAim" value="true"/> <!-- aimTest -->
	<property name="CrosshairUpAfterShot" value="false"/>
	<property name="RepairExpMultiplier" value="10.5"/>
	<property name="PickupJournalEntry" value="alternateAmmoTip"/>
	<property name="ShowQuality" value="true"/>
	<property name="Group" value="Ammo/Weapons,Basics"/>
	<property class="Action0">
		<property name="Class" value="Catapult"/>
		<!-- Catapult might not be the best name for it but it can also be used for a slingshot -->
		<property name="Hitmask_override" value="Arrow"/>
		<property name="Delay" value=".5"/> <!-- obsolete if rounds per minute exists -->
		<property name="Magazine_items" value="ammoArrowStone,ammoArrowIron,ammoArrowSteelAP,ammoArrowFlaming,ammoArrowExploding"/>
		<!-- <property name="Reload_time" value=".9"/> -->
		<property name="Sound_start" value="bow_fire"/>
		<property name="Sound_repeat" value=""/>
		<property name="Sound_end" value=""/>
		<property name="Sound_empty" value="dryfire"/>
		<property name="Sound_reload" value="bow_unquiver"/>
		<property name="Sound_draw" value="bow_draw"/>
		<property name="Sound_cancel" value="bow_fire_cancel"/>
		<property name="Particles_muzzle_fire" value="nozzleflashuzi"/>
		<property name="Particles_muzzle_smoke" value="nozzlesmokeuzi"/>
		<property name="Max_strain_time" value="1"/>
		<property name="ScopeOffset" value="-.00062,.088,.065"/>
		<property name="SideOffset" value="0,0,0"/>
		<property name="BarrelOffset" value="0,0,0"/>
		<requirement name="CVarCompare" cvar="_underwater" operation="LT" value=".98"/>
	</property>
	<property class="Action1"> <!-- UseAction -->
		<property name="Class" value="Zoom"/>
		<property name="Zoom_max_out" value="55"/>
		<property name="Zoom_max_in" value="55"/>
	</property>
	<effect_group name="gunBowPrimitive">
		<passive_effect name="ProjectileVelocity" operation="perc_add" value=".5"/>
		<passive_effect name="DamageFalloffRange" operation="base_set" value="20"/>
		<passive_effect name="MaxRange" operation="base_set" value="150"/>
		<passive_effect name="MagazineSize" operation="base_set" value="2"/>

		<passive_effect name="EntityDamage" operation="base_add" value="15"/>
		<passive_effect name="EntityDamage" operation="perc_add" value=".2,.9" tier="2,6"/> <!-- tier bonus -->
		<passive_effect name="BlockDamage" operation="perc_add" value=".1,.5" tier="2,6"/> <!-- tier bonus -->

		<passive_effect name="SpreadDegreesVertical" operation="base_set" value="2.8"/>
		<passive_effect name="SpreadDegreesHorizontal" operation="base_set" value="2.8"/>
		<passive_effect name="SpreadMultiplierAiming" operation="base_set" value=".35"/>
		<passive_effect name="SpreadMultiplierCrouching" operation="base_set" value=".10"/>
		<passive_effect name="SpreadMultiplierWalking" operation="base_set" value="2.5"/>
		<passive_effect name="SpreadMultiplierRunning" operation="base_set" value="5.2"/>

		<passive_effect name="IncrementalSpreadMultiplier" operation="base_set" value="09"/>
		<passive_effect name="WeaponHandling" operation="base_set" value="2"/> <!-- crosshair reset speed -->

		<passive_effect name="RoundsPerMinute" operation="base_set" value="75"/>
		<passive_effect name="ReloadSpeedMultiplier" operation="base_set" value="50"/>

		<!--
		<passive_effect name="AttacksPerMinute" operation="perc_add" value="15"/>
		-->
		<!-- <passive_effect name="AttacksPerMinute" operation="base_set" value="166"/>

		AttacksPerMinute, RoundsPerMinute  do NOT affect bow rate of fire
		-->

		<passive_effect name="BurstRoundCount" operation="base_set" value="1"/>
		<passive_effect name="KickDegreesVerticalMin" operation="base_set" value="2"/>
		<passive_effect name="KickDegreesVerticalMax" operation="base_set" value="2"/>

		<passive_effect name="KickDegreesHorizontalMin" operation="base_set" value="-1"/>
		<passive_effect name="KickDegreesHorizontalMax" operation="base_set" value="1"/>

		<passive_effect name="DegradationMax" operation="base_set" value="150,2500" tier="1,6" tags="perkArchery"/>
		<passive_effect name="DegradationPerUse" operation="base_set" value="1" tags="perkArchery"/>
		<passive_effect name="ModSlots" operation="base_set" value="1,1,2,2,3,4" tier="1,2,3,4,5,6"/>
		<passive_effect name="ModPowerBonus" operation="perc_add" value=".50" tags="EntityDamage,BlockDamage"/>
		<passive_effect name="ModPowerBonus" operation="base_add" value="200" tags="EconomicValue"/>
	</effect_group>
</item>

	<!-- Boss Guns -->	
		



<item name="gunMR10Boss50CalBM"> <!-- T3 rifles -->
	<property name="Tags" value="weapon,ranged,holdBreathAiming,reloadPenalty,gun,barrelAttachments,sideAttachments,smallTopAttachments,mediumTopAttachments,largeTopAttachments,stock,magazine,firingMode,selfLoading,bottomAttachments,attPerception,perkDeadEye,canHaveCosmetic"/>
	<property name="CustomIcon" value="gunMR10"/>
	<property name="CustomIconTint" value="323ea8"/>		
	<property name="DisplayType" value="rangedGun"/>
	<property name="HoldType" value="11"/>
	<property name="Meshfile" value="#Other/Items?Weapons/Ranged/SniperRifle/sniperRiflePrefab.prefab"/>
	<property name="Material" value="MRifleParts"/> <property name="Weight" value="6"/>
	<property name="RepairTools" value="resourceRepairKit"/>
	<property name="DegradationBreaksAfter" value="false"/>
	<property name="SoundJammed" value="weapon_jam"/>
	<property name="Attachments" value="meleeToolFlashlight02"/>
	<property name="CrosshairOnAim" value="true"/> <!-- aimTest -->
	<property name="CrosshairUpAfterShot" value="true"/> <!-- aimTest -->
	<property name="Sound_Sight_In" value="rifle_sight_in"/>
	<property name="Sound_Sight_Out" value="rifle_sight_out"/>
	<property name="LightSource" value="lightSource"/> <!-- Start: Needed for the attachment flashlight -->
	<property name="ActivateObject" value="Attachments/flashlight/lightSource"/>
	<property name="AttachmentFlashlight" value="meleeToolFlashlight02"/> <!-- End: Needed for the attachment flashlight -->
	<property name="Group" value="Ammo/Weapons"/>
	<property name="RepairExpMultiplier" value="10.8"/>
	<property name="LightValue" value=".45"/>
	<property name="EconomicValue" value="10000"/>
	<property name="UnlockedBy" value="gunMR10Schematic"/>
	<property name="ShowQuality" value="true"/>

	<property class="Action0">
		<property name="Class" value="Ranged"/>
		<property name="Delay" value=".5"/> <!-- obsolete if rounds per minute exists -->
		<property name="Magazine_items" value="ammo762mmBulletBallBoss50CalBM"/>
		<property name="Reload_time" value="1.5"/>
		<property name="Sound_start" value="sniperrifle_fire"/>
		<property name="Sound_repeat" value=""/>
		<property name="Sound_end" value=""/>
		<property name="Sound_empty" value="dryfire"/>
		<property name="Sound_reload" value="sniperrifle_reload"/>
		<property name="Particles_muzzle_fire" value="gunfire_pistol"/>
		<property name="Particles_muzzle_fire_fpv" value="gunfire_magnum_fpv"/>
		<requirement name="CVarCompare" cvar="_underwater" operation="LT" value=".98"/>
	</property>

	<property class="Action1">
		<property name="Class" value="Zoom"/>
		<property name="Zoom_max_out" value="55"/>
		<property name="Zoom_max_in" value="55"/>
		<property name="ScopeCameraOffset" value="0,.0262,-.05"/>
	</property>

	<effect_group name="gunMR10">
		<passive_effect name="MaxRange" operation="base_set" value="600"/>
		<passive_effect name="DamageFalloffRange" operation="base_set" value="20"/>
		<passive_effect name="DamageFalloffRange" operation="perc_add" value="-.2,.2"/> <!-- random effective rng -->
		<passive_effect name="EntityDamage" operation="base_add" value="12"/>

		<passive_effect name="RoundsPerMinute" operation="base_set" value="150"/>
		<passive_effect name="BurstRoundCount" operation="base_set" value="1"/>

		<passive_effect name="MagazineSize" operation="base_set" value="10"/>
		<passive_effect name="ReloadSpeedMultiplier" operation="base_set" value="1"/> <!-- 2.7s -->
		<passive_effect name="ModSlots" operation="base_set" value="2,2,4,5,6,6" tier="1,2,3,4,5,6"/>
		<passive_effect name="ModPowerBonus" operation="perc_add" value=".10" tags="EntityDamage,BlockDamage"/>
		<passive_effect name="ModPowerBonus" operation="base_add" value="200" tags="EconomicValue"/>
		<passive_effect name="EntityDamage" operation="perc_add" value=".15,.15"/> <!-- random rng -->
		<passive_effect name="EntityDamage" operation="perc_add" value=".2,.5" tier="2,6"/> <!-- tier bonus -->
		<passive_effect name="BlockDamage" operation="perc_add" value="10,15"/> <!-- random BlockDmg -->
		<passive_effect name="BlockDamage" operation="perc_add" value="10,17" tier="2,6"/> <!-- tier bonus -->

		<passive_effect name="DegradationMax" operation="perc_add" value="-.2,.2" tags="perkDeadEye"/> <!-- random DegMax -->
		<passive_effect name="RoundsPerMinute" operation="perc_add" value="-.05,.05"/> <!-- random APM -->
		<passive_effect name="WeaponHandling" operation="perc_add" value="-.08,.08"/> <!-- random WeaponHandling -->

		<passive_effect name="SpreadDegreesVertical" operation="base_set" value="6"/>
		<passive_effect name="SpreadDegreesHorizontal" operation="base_set" value="6"/>
		<passive_effect name="SpreadMultiplierAiming" operation="base_set" value=".04"/>
		<passive_effect name="SpreadMultiplierCrouching" operation="base_set" value=".8"/>
		<passive_effect name="SpreadMultiplierWalking" operation="base_set" value="1.5"/>
		<passive_effect name="SpreadMultiplierRunning" operation="base_set" value="2"/>

		<passive_effect name="KickDegreesVerticalMin" operation="base_set" value="1.5"/>
		<passive_effect name="KickDegreesVerticalMax" operation="base_set" value="3.0"/>

		<passive_effect name="KickDegreesHorizontalMin" operation="base_set" value="-.2"/>
		<passive_effect name="KickDegreesHorizontalMax" operation="base_set" value=".2"/>

		<passive_effect name="IncrementalSpreadMultiplier" operation="base_set" value="11"/>
		<passive_effect name="WeaponHandling" operation="base_set" value=".7"/>

		<passive_effect name="DegradationMax" operation="base_set" value="200,400" tier="1,6" tags="perkDeadEye"/>
		<passive_effect name="DegradationPerUse" operation="base_set" value="1" tags="perkDeadEye"/>

		<!--
		<passive_effect name="SpreadMultiplierWalking" operation="base_set" value="1.5"/>
		-->
	</effect_group>
</item>





<!-- Note need to add the knife back in -->
<item name="meleeToolKnifeCandyFernsBadAssKnifeBM"> <!-- T2 Blades -->
	<property name="Tags" value="knife,melee,grunting,light,perkFlurryOfBlows,weapon,meleeWeapon,attAgility,perkDeepCuts,perkTheHuntsman,canHaveCosmetic"/>
	<property name="CustomIcon" value="meleeToolKnifeIron"/>
	<property name="CustomIconTint" value="F40DFC"/>	
		<property name="DisplayType" value="meleeKnife"/>
	<property name="HoldType" value="36"/>
	<property name="Meshfile" value="#Other/Items?Weapons/Melee/Candycane/candycaneShivPrefab.prefab"/>
	<property name="Material" value="Mmetal"/>
	<property name="RepairTools" value="resourceRepairKit"/>
	<property name="DegradationBreaksAfter" value="false"/>
	<property name="FuelValue" value="1000"/>
	<property name="EconomicValue" value="2500"/>
	<property name="SoundJammed" value="ItemNeedsRepair"/>
	<property name="SoundDestroy" value="wooddestroy1"/>
	<property name="ShowQuality" value="true"/>

	<property class="Action0">
		<property name="Class" value="DynamicMelee"/>
		<property name="Damage_type" value="Slashing"/>
		<property name="Sphere" value=".1"/>
		<property name="Sound_start" value="swoosh"/>
		<property name="ToolCategory.harvestingTools" value="1" param1="2"/>
		<property name="ToolCategory.Butcher" value="1" param1="5"/>
		<property name="Sound_harvesting" value="open_animal" param1="organic"/>

		<property name="UseGrazingHits" value="true"/>
		<property name="GrazeStart" value=".25"/>
		<property name="GrazeEnd" value=".35"/>
		<property name="SwingDegrees" value="90"/>
		<property name="SwingAngle" value="90"/>
		<property class="HitSounds">
			<property name="Override0" value="organic" param1="metalstaborganic"/>
		</property>
		<property class="GrazeSounds">
			<property name="Override0" value="organic" param1="metalgrazeorganic"/>
		</property>
	</property>
	<property class="Action1">
		<property name="Class" value="DynamicMelee"/>
		<property name="Damage_type" value="Slashing"/>
		<property name="Sphere" value=".1"/>
		<property name="Sound_start" value="swoosh"/>
		<property name="ToolCategory.harvestingTools" value="1" param1="2"/>
		<property name="ToolCategory.Butcher" value="1" param1="5"/>
		<property name="Sound_harvesting" value="open_animal" param1="organic"/>
		<property name="UsePowerAttackAnimation" value="true"/>

		<property name="UseGrazingHits" value="true"/>
		<property name="GrazeStart" value=".2"/>
		<property name="GrazeEnd" value=".3"/>
		<property name="SwingDegrees" value="80"/>
		<property name="SwingAngle" value="140"/>
		<property class="HitSounds">
			<property name="Override0" value="organic" param1="metalstaborganic"/>
		</property>
		<property class="GrazeSounds">
			<property name="Override0" value="organic" param1="metalgrazeorganic"/>
		</property>
	</property>

	<effect_group name="meleeToolKnifeCandy">
		<passive_effect name="MaxRange" operation="base_set" value="4.5"/>
		<passive_effect name="BlockRange" operation="base_set" value="2.5"/>
		<passive_effect name="EntityDamage" operation="base_set" value="74"/> <!-- meleeToolKnifeCandy -->
		<passive_effect name="EntityDamage" operation="perc_add" value=".50,1"/> <!-- random rng -->
		<passive_effect name="EntityDamage" operation="perc_add" value=".9,1.2" tier="2,6"/> <!-- tier bonus -->

		<passive_effect name="BlockDamage" operation="base_set" value="1"/>
		<passive_effect name="BlockDamage" operation="perc_add" value="-.15,.15"/> <!-- random BlockDmg -->
		<passive_effect name="BlockDamage" operation="perc_add" value=".1,.5" tier="2,6"/> <!-- tier bonus -->

		<passive_effect name="DamageModifier" operation="perc_add" value="-.8" tags="earth"/>
		<passive_effect name="DamageModifier" operation="perc_add" value="-.8" tags="stone"/>
		<passive_effect name="DamageModifier" operation="perc_add" value="-.8" tags="metal"/>
		<passive_effect name="AttacksPerMinute" operation="base_set" value="100"/>
		<passive_effect name="HarvestCount" operation="base_set" value="2" tags="butcherHarvest"/>
		<passive_effect name="StaminaLoss" operation="base_set" value="1.5" tags="primary"/>
		<passive_effect name="DegradationMax" operation="base_set" value="700,900" tier="1,6" tags="perkDeepCuts"/>
		<passive_effect name="DegradationPerUse" operation="base_set" value="1" tags="perkDeepCuts"/>
		<passive_effect name="ModSlots" operation="base_set" value="1,1,2,2,3,4" tier="1,2,3,4,5,6"/>
		<passive_effect name="ModPowerBonus" operation="perc_add" value=".10" tags="EntityDamage,BlockDamage"/>
		<passive_effect name="ModPowerBonus" operation="base_add" value="200" tags="EconomicValue"/>
		<display_value name="dBleeding" value=".20"/> <!-- the bleeding proc is run by the perk -->
	</effect_group>
	<effect_group name="Power Attack">
		<passive_effect name="EntityDamage" operation="perc_add" value="1" tags="secondary"/>
		<passive_effect name="BlockDamage" operation="perc_add" value="1" tags="secondary"/>
		<passive_effect name="StaminaLoss" operation="base_add" value="1.3" tags="secondary"/>
	</effect_group>
	<property name="Group" value="Ammo/Weapons"/>
	<property name="RepairExpMultiplier" value="10.5"/>
	
</item>




<item name="ammo762mmBulletBallBoss50CalBM">
<property name="CustomIcon" value="Boss50Cal."/>
	<property name="CustomIconTint" value="323ea8"/>	
	<property name="Extends" value="ammo9mmBulletBall"/>
	<property name="Stacknumber" value="500"/> <!-- STK ammo low -->
	<property name="EconomicValue" value="30"/>
	<effect_group name="ammo762mmBulletBall" tiered="false">
		<passive_effect name="EntityDamage" operation="base_set" value="100"/>
		<passive_effect name="BlockDamage" operation="base_set" value="75"/>
		<passive_effect name="DamageModifier" operation="perc_add" value=".8" tags="earth"/>
		<passive_effect name="DamageModifier" operation="perc_add" value="2" tags="wood"/>
	</effect_group>
</item>


<item name="gunPistol44MagBM"> <!-- T2 pistols -->
	<property name="Tags" value="weapon,ranged,holdBreathAiming,reloadPenalty,gun,shortRange,pistol,barrelAttachments,sideAttachments,smallTopAttachments,magazine,firingMode,selfLoading,attAgility,perkGunslinger,9mmGun,canHaveCosmetic"/>
	<property name="CustomIcon" value="gunPistol"/>
	<property name="CustomIconTint" value="323ea8"/>	
	<property name="DisplayType" value="rangedGun"/>
	<property name="HoldType" value="1"/>
	<property name="Meshfile" value="#Other/Items?Weapons/Ranged/Pistol/PistolPrefab.prefab"/>
	<property name="Material" value="MHandGunParts"/> <property name="Weight" value="4"/>
	<property name="RepairTools" value="resourceRepairKit"/>
	<property name="DegradationBreaksAfter" value="false"/>
	<property name="SoundJammed" value="weapon_jam"/>
	<property name="Attachments" value="meleeToolFlashlight02"/>
	<property name="CrosshairOnAim" value="true"/> <!-- aimTest -->
	<property name="CrosshairUpAfterShot" value="true"/> <!-- aimTest -->
	<property name="Sound_Sight_In" value="pistol_sight_in"/>
	<property name="Sound_Sight_Out" value="pistol_sight_out"/>
	<property name="LightSource" value="lightSource"/> <!-- Start: Needed for the attachment flashlight -->
	<property name="ActivateObject" value="Attachments/flashlight/lightSource"/>
	<property name="AttachmentFlashlight" value="flashlight02"/> <!-- End: Needed for the attachment flashlight -->
	<property name="Group" value="Ammo/Weapons"/>
	<property name="RepairExpMultiplier" value="10.8"/>
	<property name="LightValue" value=".45"/>
	<property name="EconomicValue" value="500"/>
	<property name="UnlockedBy" value="perkGunslinger,gunPistolSchematic"/>
	<property name="ShowQuality" value="true"/>

	<property class="Action0">
		<property name="Class" value="Ranged"/>
		<property name="Magazine_items" value="ammo44MagnumBulletBall,ammo44MagnumBulletHP,ammo44MagnumBulletAP"/>
		<property name="Sound_start" value="Pistol_Fire"/>
		<property name="Sound_repeat" value=""/>
		<property name="Sound_end" value=""/>
		<property name="Sound_empty" value="dryfire"/>
		<property name="Sound_reload" value="pistol_reload"/>
		<property name="AutoReload" value="true"/>
		<property name="Particles_muzzle_fire" value="gunfire_pistol"/>
		<property name="Particles_muzzle_fire_fpv" value="gunfire_pistol_fpv"/>
		<requirement name="CVarCompare" cvar="_underwater" operation="LT" value=".98"/>
	</property>
	<property class="Action1">
		<property name="Class" value="Zoom"/>
		<property name="Zoom_max_out" value="55"/>
		<property name="Zoom_max_in" value="55"/>
		<property name="ScopeCameraOffset" value="0,.0008,0"/>
	</property>

	<effect_group name="gunPistol">
		<passive_effect name="MaxRange" operation="base_set" value="150"/>
		<passive_effect name="DamageFalloffRange" operation="base_set" value="18"/>
		<passive_effect name="DamageFalloffRange" operation="perc_add" value="-.2,.2"/> <!-- random effective rng -->
        <property name="CustomIcon" value="gunPistol"/>
	    <property name="CustomIconTint" value="323ea8"/>
		<!--<passive_effect name="EntityDamage" operation="perc_add" value="0"/>
		<passive_effect name="BlockDamage" operation="perc_add" value="0"/>-->
		<passive_effect name="DamageModifier" operation="perc_add" value="-.8" tags="earth"/>
		<passive_effect name="DamageModifier" operation="perc_add" value="2" tags="wood"/>

		<passive_effect name="RoundsPerMinute" operation="base_set" value="180"/>
		<passive_effect name="BurstRoundCount" operation="base_set" value="1"/>

		<passive_effect name="MagazineSize" operation="base_set" value="18"/>
		<passive_effect name="ReloadSpeedMultiplier" operation="base_set" value="1"/> <!-- 2s -->
		<passive_effect name="ModSlots" operation="base_set" value="2,2,3,4,5,6" tier="1,2,3,4,5,6"/>
		<passive_effect name="ModPowerBonus" operation="perc_add" value=".10" tags="EntityDamage,BlockDamage"/>
		<passive_effect name="ModPowerBonus" operation="base_add" value="200" tags="EconomicValue"/>

		<passive_effect name="EntityDamage" operation="perc_add" value="-.15,.15"/> <!-- random rng -->
		<passive_effect name="EntityDamage" operation="perc_add" value=".1,.5" tier="2,6"/> <!-- tier bonus -->
		<passive_effect name="BlockDamage" operation="perc_add" value="-.15,.15"/> <!-- random BlockDmg -->
		<passive_effect name="BlockDamage" operation="perc_add" value=".1,.5" tier="2,6"/> <!-- tier bonus -->

		<passive_effect name="DegradationMax" operation="perc_add" value="-.2,.2" tags="perkGunslinger"/> <!-- random DegMax -->
		<passive_effect name="RoundsPerMinute" operation="perc_add" value="-.05,.05"/> <!-- random APM -->
		<passive_effect name="MagazineSize" operation="perc_add" value="-.122,.122"/> <!-- random MagazineSize -->
		<passive_effect name="WeaponHandling" operation="perc_add" value="-.08,.08"/> <!-- random WeaponHandling -->

		<passive_effect name="SpreadDegreesVertical" operation="base_set" value="1.5"/>
		<passive_effect name="SpreadDegreesHorizontal" operation="base_set" value="1.5"/>
		<passive_effect name="SpreadMultiplierAiming" operation="base_set" value=".4"/>
		<passive_effect name="SpreadMultiplierCrouching" operation="base_set" value=".8"/>
		<passive_effect name="SpreadMultiplierWalking" operation="base_set" value="1.5"/>
		<passive_effect name="SpreadMultiplierRunning" operation="base_set" value="2.2"/>

		<passive_effect name="KickDegreesVerticalMin" operation="base_set" value=".8"/>
		<passive_effect name="KickDegreesVerticalMax" operation="base_set" value=".8"/>

		<passive_effect name="KickDegreesHorizontalMin" operation="base_set" value="-.25"/>
		<passive_effect name="KickDegreesHorizontalMax" operation="base_set" value=".2"/>

		<passive_effect name="IncrementalSpreadMultiplier" operation="base_set" value="2.0"/>
		<passive_effect name="WeaponHandling" operation="base_set" value=".95"/> <!-- crosshair reset speed -->

		<passive_effect name="DegradationMax" operation="base_set" value="250,450" tier="1,6" tags="perkGunslinger,9mmGun"/>
		<passive_effect name="DegradationPerUse" operation="base_set" value="1" tags="perkGunslinger,9mmGun"/>
	</effect_group>
</item>


<item name="gunJunkTurretBM"> <!-- T2 turrets -->
	<property name="Tags" value="turret,weapon,ranged,reloadPenalty,drumMagazine,attIntellect,perkTurrets,canHaveCosmetic"/>
	<property name="CustomIcon" value="gunJunkTurret"/>
	<property name="CustomIconTint" value="323ea8"/>
	<property name="DisplayType" value="rangedTurret"/>
	<property name="HoldType" value="67"/>
	<property name="Meshfile" value="#Other/Items?Weapons/Ranged/JunkTurret/junkTurret_Prefab.prefab"/>
	<property name="HandMeshfile" value="#Other/Items?Weapons/Ranged/JunkTurret/junkTurretHeld_Prefab.prefab"/>
	<property name="DropMeshfile" value="#Other/Items?Misc/sack_droppedPrefab.prefab"/>
	<property name="Material" value="MJunkTurretParts"/> <property name="Weight" value="4"/>
	<property name="DegradationBreaksAfter" value="false"/>
	<property name="SoundJammed" value="weapon_jam"/>
	<property name="RepairTools" value="resourceRepairKit"/>
	<property name="Group" value="Ammo/Weapons"/>
	<property name="Stacknumber" value="5"/>
	<property name="EconomicValue" value="5000"/>
	<property name="SellableToTrader" value="true"/>
	<property name="RequiredPower" value="15"/>
	<property name="UnlockedBy" value="perkTurrets,gunJunkTurretSchematic"/>
	<property name="ShowQuality" value="true"/>

	<property class="Action0">
		<property name="Class" value="Ranged"/>
		<property name="Delay" value=".2"/> <!-- obsolete if rounds per minute exists -->
		<!-- <property name="Range" value="40"/> -->
		<property name="Magazine_items" value="ammoJunkTurret"/>
		<property name="Reload_time" value="3"/>
		<property name="Sound_start" value="junkturret_fire"/>
		<property name="Sound_repeat" value=""/>
		<property name="Sound_end" value=""/>
		<property name="Sound_empty" value="dryfire"/>
		<property name="Sound_reload" value="m60_reload"/>
		<property name="Particles_muzzle_fire" value="nozzleflash_shotgun"/>
		<property name="Particles_muzzle_smoke" value="nozzlesmokeuzi"/>
		<!-- <property name="DamageBonus.head" value="3"/>
		<property name="DamageBonus.wood" value="2.5"/>
		<property name="DamageBonus.earth" value=".2"/> -->
		<property name="ScopeOffset" value="0,0,0"/>
		<property name="SideOffset" value="0,0,0"/>
		<property name="BarrelOffset" value="0,0,0"/>
		<requirement name="CVarCompare" cvar="_underwater" operation="LT" value=".98"/>
	</property>
	<property class="Action1">
		<property name="Class" value="SpawnTurret"/>
		<property name="Turret" value="turretJunk"/>
	</property>
	<effect_group name="gunJunkTurret">
		<passive_effect name="MaxRange" operation="base_set" value="100"/>
		<passive_effect name="DamageFalloffRange" operation="base_set" value="10"/>
		<passive_effect name="DamageFalloffRange" operation="perc_add" value="-.2,.2"/> <!-- random effective rng -->
		<passive_effect name="BlockRange" operation="base_set" value="2.5"/>

		<passive_effect name="EntityDamage" operation="base_set" value="21.8"/>
		<passive_effect name="EntityDamage" operation="perc_add" value="-.15,.15"/> <!-- random rng -->
		<passive_effect name="EntityDamage" operation="perc_add" value=".1,.5" tier="2,6"/> <!-- tier bonus -->

		<passive_effect name="DegradationMax" operation="perc_add" value="-.2,.2" tags="perkTurrets"/> <!-- random DegMax -->
		<passive_effect name="WeaponHandling" operation="perc_add" value="-.08,.08"/> <!-- random WeaponHandling -->

		<passive_effect name="RoundsPerMinute" operation="perc_add" value="-.1,.1"/> <!-- random APM -->
		<passive_effect name="MagazineSize" operation="perc_add" value="-.175,.200"/> <!-- random MagazineSize -->
		<passive_effect name="WeaponHandling" operation="perc_add" value="-.08,.08"/> <!-- random WeaponHandling -->

		<passive_effect name="BlockDamage" operation="base_set" value=".5"/>

		<passive_effect name="RoundsPerMinute" operation="base_set" value="105.6"/>
		<passive_effect name="BurstRoundCount" operation="base_set" value="1"/>


<!-- was
		<passive_effect name="MagazineSize" operation="base_set" value="50"/>
		<passive_effect name="MagazineSize" operation="base_add" value="2,10" tier="2,6"/>
-->

		<passive_effect name="MagazineSize" operation="base_set" value="200"/>
		<passive_effect name="MagazineSize" operation="base_add" value="6,30" tier="2,6"/>
		<passive_effect name="ReloadSpeedMultiplier" operation="base_set" value="1"/>

		<passive_effect name="SpreadDegreesVertical" operation="base_set" value="5"/>
		<passive_effect name="SpreadDegreesHorizontal" operation="base_set" value="5"/>
		<passive_effect name="SpreadMultiplierAiming" operation="perc_add" value="-.13"/>
		<passive_effect name="SpreadMultiplierCrouching" operation="perc_add" value="-.05"/>
		<passive_effect name="SpreadMultiplierWalking" operation="perc_add" value=".15"/>
		<passive_effect name="SpreadMultiplierRunning" operation="perc_add" value=".3"/>

		<passive_effect name="KickDegreesVerticalMin" operation="base_set" value="3"/>
		<passive_effect name="KickDegreesVerticalMax" operation="base_set" value="3"/>

		<passive_effect name="KickDegreesHorizontalMin" operation="base_set" value="-2"/>
		<passive_effect name="KickDegreesHorizontalMax" operation="base_set" value="2"/>

		<passive_effect name="IncrementalSpreadMultiplier" operation="base_set" value="0"/>
		<passive_effect name="WeaponHandling" operation="base_set" value="1"/>

		<passive_effect name="JunkTurretActiveRange" operation="base_set" value="75"/>

		<passive_effect name="DegradationMax" operation="base_set" value="250,600" tier="1,6" tags="perkTurrets"/>
		<passive_effect name="DegradationPerUse" operation="base_set" value="0.35" tags="perkTurrets"/>
		<passive_effect name="ModSlots" operation="base_set" value="1,1,2,2,3,4" tier="1,2,3,4,5,6"/>
		<passive_effect name="ModPowerBonus" operation="perc_add" value=".10" tags="EntityDamage"/>
		<passive_effect name="ModPowerBonus" operation="base_add" value="200" tags="EconomicValue"/>
	</effect_group>
</item>


<item name="gunToolNailgunBM"> <!-- T3 Tools -->
	<property name="Tags" value="tool,nailgun,sideAttachments,selfLoading,canHaveCosmetic"/>
	<property name="CustomIcon" value="gunToolNailgun"/>
	<property name="CustomIconTint" value="323ea8"/>	
	<property name="DisplayType" value="meleeRepairTool"/>
	<property name="HoldType" value="37"/>
	<property name="Meshfile" value="#Other/Items?Tools/nailgunPrefab.prefab"/>
	<property name="Material" value="MmechanicalParts"/> <property name="Weight" value="10"/>
	<property name="RepairTools" value="resourceRepairKit"/>
	<property name="DegradationBreaksAfter" value="false"/>
	<property name="SoundJammed" value="weapon_jam"/>
	<property name="CrosshairUpAfterShot" value="true"/>
	<property name="Stacknumber" value="1"/>
	<property name="UnlockedBy" value="perkAdvancedEngineering,gunToolNailgunSchematic"/>
	<property name="ShowQuality" value="true"/>
	<property class="Action0">
		<property name="Class" value="Launcher"/>
		<property name="Hitmask_override" value="Arrow"/>
		<property name="Delay" value=".3"/> <!-- obsolete if rounds per minute exists -->
		<property name="Magazine_items" value="resourceNail"/>
		<property name="Instantiate_on_load" value="false"/>
		<property name="Reload_time" value="2"/>
		<property name="Sound_start" value="nailgun_fire"/>
		<property name="Particles_muzzle_fire" value="nailgunfire"/>
	<!-- <property name="Particles_muzzle_smoke" value="nozzlesmoke"/> -->
		<property name="Sound_repeat" value=""/>
		<property name="Sound_end" value=""/>
		<property name="Sound_empty" value="dryfire"/>
		<property name="Sound_reload" value="nailgun_reload"/>
	</property>
	<property class="Action1"> <!-- UseAction -->
		<property name="Class" value="Repair"/>
		<property name="Delay" value=".3"/> <!-- Repair actions still need the delay amount -->
		<property name="Repair_amount" value="1000"/>
		<property name="Upgrade_hit_offset" value="-5"/>
		<property name="Repair_action_sound" value="nailgun_fire"/>
		<property name="Upgrade_action_sound" value="nailgun_fire"/>
		<property name="Allowed_upgrade_items" value="resourceWood,resourceClayLump,resourceSnowBall,resourceScrapIron,resourceForgedIron,resourceForgedSteel,resourceConcreteMix,resourceCobblestones,ironDoor1_v1,vaultDoor01,scrapHatch_v1,vaultHatch_v1,resourceYuccaFibers,resourceCloth,resourceScrapPolymers,resourceNail"/>
		<!--<property name="Restricted_upgrade_items" value="concrete"/>-->
	</property>
	<property name="Group" value="Tools/Traps"/>
	<property name="RepairExpMultiplier" value="10.8"/>
	<property name="EconomicValue" value="1000"/>
	<effect_group name="gunToolNailgun" tiered="false"> <!-- gunToolNailgun -->
		<passive_effect name="DamageFalloffRange" operation="base_set" value="3"/>
		<passive_effect name="DamageFalloffRange" operation="perc_add" value="-.2,.2"/> <!-- random effective rng -->
		<passive_effect name="MaxRange" operation="base_set" value="25"/>

		<passive_effect name="SpreadDegreesVertical" operation="base_set" value="9.3"/>
		<passive_effect name="SpreadDegreesHorizontal" operation="base_set" value="9"/>
		<passive_effect name="SpreadMultiplierAiming" operation="base_set" value="2"/>
		<passive_effect name="SpreadMultiplierCrouching" operation="base_set" value="1"/>
		<passive_effect name="SpreadMultiplierWalking" operation="base_set" value="1"/>
		<passive_effect name="SpreadMultiplierRunning" operation="base_set" value="2.5"/>

		<display_value name="dBlockRepairAmount" value="1000"/>
		<passive_effect name="IncrementalSpreadMultiplier" operation="base_set" value="10"/>
		<passive_effect name="WeaponHandling" operation="base_set" value=".7"/> <!-- crosshair reset speed -->
		<passive_effect name="RoundsPerMinute" operation="base_set" value="200"/>
		<passive_effect name="BurstRoundCount" operation="base_set" value="1"/> <!-- for the Launcher class this instantly fires BurstRoundCount projectiles on pulling the trigger -->
		<passive_effect name="MagazineSize" operation="base_set" value="25"/>
		<!-- <passive_effect name="ReloadSpeedMultiplier" operation="base_set" value="1"/>  does not work at all on the nailgun -->

		<passive_effect name="KickDegreesVerticalMin" operation="base_set" value="-.7"/>
		<passive_effect name="KickDegreesVerticalMax" operation="base_set" value=".7"/>

		<passive_effect name="KickDegreesHorizontalMin" operation="base_set" value="-.6"/>
		<passive_effect name="KickDegreesHorizontalMax" operation="base_set" value=".6"/>
		<passive_effect name="DegradationMax" operation="base_set" value="2000" tags="nailgun"/>
		<passive_effect name="DegradationPerUse" operation="base_set" value="1" tags="nailgun"/>
		<passive_effect name="ModSlots" operation="base_set" value="0"/>
	</effect_group>
</item>

<item name="ammoBlunderbussBM">
	<property name="Tags" value="ammo,shotgun"/>
	<property name="CustomIcon" value="foodCornOnTheCob"/>
	<property name="CustomIconTint" value="ebeb34"/>
	<property name="DisplayType" value="ammoShotgun"/>
	<property name="HoldType" value="45"/>
	<property name="Meshfile" value="#Other/Items?Misc/sackPrefab.prefab"/>
	<property name="DropMeshfile" value="#Other/Items?Misc/sack_droppedPrefab.prefab"/>
	<property name="Material" value="Mpaper"/>
	<property name="Stacknumber" value="500"/> <!-- STK ammo low -->
	<property name="Group" value="Ammo/Weapons"/>
	<property name="EconomicValue" value="5"/>
	<effect_group name="ammoBlunderbuss" tiered="false">
		<passive_effect name="EntityDamage" operation="base_set" value="45"/>
		<passive_effect name="BlockDamage" operation="base_set" value="7.6"/>
		<passive_effect name="RoundRayCount" operation="base_set" value="8"/>
		<passive_effect name="TargetArmor" operation="perc_add" value=".4"/><display_value name="dTargetArmor" value=".4"/>
		<passive_effect name="DismemberChance" operation="perc_add" value="-.875"/>
		<passive_effect name="MaxRange" operation="base_set" value="65"/>
		<passive_effect name="DamageFalloffRange" operation="base_set" value="2"/>
	</effect_group>
</item>


<item name="gunBlunderbussBM"> <!-- T1 shotguns -->
	<property name="Tags" value="weapon,ranged,holdBreathAiming,reloadPenalty,gun,shotgun,shortRange,flaredBarrel,sideAttachments,smallTopAttachments,stock,attStrength,perkBoomstick,canHaveCosmetic"/>
	<property name="CustomIcon" value="gunBlunderbuss"/>
	<property name="CustomIconTint" value="323ea8"/>
	<property name="DisplayType" value="rangedGun"/>
	<property name="HoldType" value="39"/>
	<property name="Meshfile" value="#Other/Items?Weapons/Ranged/blunderbuss/blunderbussPrefab.prefab"/>
	<property name="Material" value="Mmetal"/>
	<property name="RepairTools" value="resourceMetalPipe"/>
	<property name="DegradationBreaksAfter" value="false"/>
	<property name="SoundJammed" value="weapon_jam"/>
	<property name="CrosshairOnAim" value="true"/> <!-- aimTest -->
	<property name="CrosshairUpAfterShot" value="true"/> <!-- aimTest -->
	<property name="Sound_Sight_In" value="rifle_sight_in"/>
	<property name="Sound_Sight_Out" value="rifle_sight_out"/>
	<property name="Group" value="Ammo/Weapons"/>
	<property name="RepairExpMultiplier" value="10.8"/>
	<property name="EconomicValue" value="250"/>
	<property name="ShowQuality" value="true"/>

	<property class="Action0">
		<property name="Class" value="Ranged"/>
		<property name="Delay" value=".8"/> <!-- obsolete if rounds per minute exists -->
		<!-- <property name="Range" value="40"/> -->
		<property name="Magazine_items" value="ammoBlunderbussBM"/>
		<property name="Reload_time" value="3"/>
		<property name="Sound_start" value="blunderbuss_fire"/>
		<property name="Sound_repeat" value=""/>
		<property name="Sound_end" value=""/>
		<property name="Sound_empty" value="dryfire"/>
		<property name="Sound_reload" value="blunderbuss_reload"/>
		<property name="Particles_muzzle_fire" value="gunfire_doublebarrel"/>
		<property name="Particles_muzzle_fire_fpv" value="gunfire_doublebarrel_fpv"/>
		<property name="Particles_muzzle_smoke" value="gunfire_smoke"/>
		<property name="Particles_muzzle_smoke_fpv" value="gunfire_smoke_fpv"/>
		<!-- <property name="DamageBonus.head" value="3"/>
		<property name="DamageBonus.wood" value="2.5"/>
		<property name="DamageBonus.earth" value=".2"/> -->
		<property name="ScopeOffset" value="-.00062,.088,.065"/>
		<property name="SideOffset" value="0,0,0"/>
		<property name="BarrelOffset" value="0,0,0"/>
		<requirement name="CVarCompare" cvar="_underwater" operation="LT" value=".98"/>
	</property>
	<property class="Action1">
		<property name="Class" value="Zoom"/>
		<property name="Zoom_max_out" value="55"/>
		<property name="Zoom_max_in" value="55"/>
	</property>

	<effect_group name="gunBlunderbuss">
		<!--<passive_effect name="EntityDamage" operation="perc_add" value="0"/>
		<passive_effect name="BlockDamage" operation="perc_add" value="0"/>-->
		<passive_effect name="DamageModifier" operation="perc_add" value="-.8" tags="earth"/>
		<passive_effect name="DamageModifier" operation="perc_add" value="1.5" tags="wood"/>

		<passive_effect name="RoundsPerMinute" operation="base_set" value="75"/>
		<passive_effect name="BurstRoundCount" operation="base_set" value="1"/>

		<passive_effect name="MagazineSize" operation="base_set" value="3"/>
		<passive_effect name="ReloadSpeedMultiplier" operation="base_set" value="1"/> <!-- 3.9s -->
		<passive_effect name="ModSlots" operation="base_set" value="1,1,2,2,3,4" tier="1,2,3,4,5,6"/>
		<passive_effect name="ModPowerBonus" operation="perc_add" value=".10" tags="EntityDamage,BlockDamage"/>
		<passive_effect name="ModPowerBonus" operation="base_add" value="200" tags="EconomicValue"/>
		<passive_effect name="EntityDamage" operation="perc_add" value=".1,.5" tier="2,6"/> <!-- tier bonus -->
		<passive_effect name="BlockDamage" operation="perc_add" value=".1,.5" tier="2,6"/> <!-- tier bonus -->

		<passive_effect name="WeaponHandling" operation="base_set" value="1.9"/>
		<passive_effect name="WeaponHandling" operation="perc_add" value="-.08,.08"/> <!-- random WeaponHandling -->

		<passive_effect name="SpreadDegreesVertical" operation="base_set" value="4.1"/>
		<passive_effect name="SpreadDegreesHorizontal" operation="base_set" value="4.1"/>
		<passive_effect name="SpreadMultiplierAiming" operation="perc_add" value="-.13"/>
		<passive_effect name="SpreadMultiplierCrouching" operation="perc_add" value="-.05"/>
		<passive_effect name="SpreadMultiplierWalking" operation="perc_add" value=".15"/>
		<passive_effect name="SpreadMultiplierRunning" operation="perc_add" value=".3"/>

		<passive_effect name="KickDegreesVerticalMin" operation="base_set" value="8"/>
		<passive_effect name="KickDegreesVerticalMax" operation="base_set" value="8"/>

		<passive_effect name="KickDegreesHorizontalMin" operation="base_set" value="-4"/>
		<passive_effect name="KickDegreesHorizontalMax" operation="base_set" value="4"/>
		<passive_effect name="IncrementalSpreadMultiplier" operation="base_set" value="0"/>

		<passive_effect name="DegradationMax" operation="base_set" value="50,100" tier="1,6" tags="perkBoomstick"/>
		<passive_effect name="DegradationPerUse" operation="base_set" value="1" tags="perkBoomstick"/>
	</effect_group>
</item>


<item name="armorIronGlovesBM">
	<property name="Extends" value="armorIronMaster" param1="CustomIcon"/>
	<property name="CustomIcon" value="armorIronGloves"/>
	<property name="CustomIconTint" value="ebeb34"/>	
	<property name="Tags" value="upperbody,hands,armor,armorHands,heavyArmor,heavyArmorPenalty,canHaveCosmetic,heavyArmorDeg"/>
	<property name="EquipSlot" value="Hands"/>
	<effect_group>
		<passive_effect name="ModSlots" operation="base_set" value="1,2,3,3,4,5" tier="1,2,3,4,5,6"/>
		<passive_effect name="PhysicalDamageResist" operation="base_add" value="55,100"/>
		<passive_effect name="ElementalDamageResist" operation="base_add" value="4" tags="upperbody,heat,electrical"/>
		<passive_effect name="DegradationMax" operation="base_set" value="400,800" tier="1,6"/>
		<passive_effect name="DegradationPerUse" operation="base_set" value="1"/>

		<passive_effect name="Mobility" operation="perc_add" value="1"/>
		<passive_effect name="StaminaChangeOT" operation="perc_add" value="0" tags="walking"/>
		<passive_effect name="StaminaChangeOT" operation="perc_add" value="0" tags="running"/>
		<display_value name="dStaminaChangeOT" value="0"/>
		<passive_effect name="NoiseMultiplier" operation="perc_add" value=".2"/><display_value name="dNoiseMultiplier" value=".2"/>
		<passive_effect name="BuffResistance" operation="base_add" value=".150,.200" tags="buffInfectionCatch,buffInjuryBleeding,buffInjuryStunned01"/><passive_effect name="BuffResistance" operation="base_add" value=".03" tags="buffInfectionCatch"/><passive_effect name="BuffResistance" operation="base_add" value=".01" tags="buffInjuryBleeding"/>
	</effect_group>
	<property class="UMA">
		<property name="Mesh" value="armor_heavy_bandit_gloves"/>
		<property name="Overlay0" value="bandit_armor"/>
		<property name="Layer" value="0"/>
		<property name="UISlot" value="Gloves"/>
	</property>
</item>

	
	
<item name="armorIronHelmetBM">
	<property name="Extends" value="armorIronMaster" param1="CustomIcon"/>
	<property name="CustomIcon" value="armorIronHelmet"/>
	<property name="CustomIconTint" value="ebeb34"/>	
	<property name="Tags" value="head,armor,armorHead,heavyArmor,heavyArmorPenalty,canHaveCosmetic,heavyArmorDeg"/>
	<property name="EquipSlot" value="Head"/>
	<effect_group>
		<passive_effect name="ModSlots" operation="base_set" value="1,2,3,4,5,6" tier="1,2,3,4,5,6"/>
		<passive_effect name="ElementalDamageResist" operation="base_add" value="20" tags="toxic"/>
		<passive_effect name="PhysicalDamageResist" operation="base_add" value="20.3,40"/>
		<passive_effect name="ElementalDamageResist" operation="base_add" value="1" tags="head,heat,electrical"/>
		<passive_effect name="DegradationMax" operation="base_set" value="400,800" tier="1,6"/>
		<passive_effect name="DegradationPerUse" operation="base_set" value="1"/>

		<passive_effect name="Mobility" operation="perc_add" value="0"/>
		<passive_effect name="StaminaChangeOT" operation="perc_add" value=".4" tags="walking"/>
		<passive_effect name="StaminaChangeOT" operation="perc_add" value=".09" tags="running"/>
		<display_value name="dStaminaChangeOT" value="-.2"/>
		<passive_effect name="NoiseMultiplier" operation="perc_add" value=".2"/><display_value name="dNoiseMultiplier" value=".2"/>
		<passive_effect name="BuffResistance" operation="base_add" value=".12,.148" tags="buffInfectionCatch,buffInjuryBleeding,buffInjuryStunned01"/><passive_effect name="BuffResistance" operation="base_add" value=".03" tags="buffInfectionCatch"/><passive_effect name="BuffResistance" operation="base_add" value=".01" tags="buffInjuryBleeding"/>
	</effect_group>

	<property class="UMA">
		<property name="Mesh" value="armor_heavy_bandit_gasmask"/>
		<property name="Overlay0" value="bandit_armor"/>
		<property name="Layer" value="middle"/>
		<property name="UISlot" value="Headgear"/>
		<property name="Mask1" value="Head" param1="inner"/>
		<property name="Mask3" value="Face" param1="inner"/>
		<property name="Mask4" value="Face" param1="middle"/>
		<property name="Mask5" value="Face" param1="outer"/>
		<property name="Mask7" value="Eyes" param1="inner"/>
		<property name="Mask8" value="Eyes" param1="middle"/>
		<property name="Mask9" value="Eyes" param1="outer"/>
	</property>
</item>

<item name="armorIronChestBM">
	<property name="Extends" value="armorIronMaster" param1="CustomIcon"/>
	<property name="Tags" value="upperbody,chest,armor,armorChest,heavyArmor,heavyArmorPenalty,canHaveCosmetic,heavyArmorDeg"/>
	<property name="CustomIcon" value="armorIronChest"/>
	<property name="CustomIconTint" value="ebeb34"/>
	<property name="EquipSlot" value="Chest"/>
	<effect_group>
		<passive_effect name="ModSlots" operation="base_set" value="1,2,3,3,4,5" tier="1,2,3,4,5,6"/>
		<passive_effect name="PhysicalDamageResist" operation="base_add" value="20,40"/>
		<passive_effect name="ElementalDamageResist" operation="base_add" value="1" tags="upperbody,heat,electrical"/>
		<passive_effect name="DegradationMax" operation="base_set" value="400,800" tier="1,6"/>
		<passive_effect name="DegradationPerUse" operation="base_set" value="1"/>

		<passive_effect name="Mobility" operation="perc_add" value="0"/>
		<passive_effect name="StaminaChangeOT" operation="perc_add" value="-.045" tags="walking"/>
		<passive_effect name="StaminaChangeOT" operation="perc_add" value="-.09" tags="running"/>
		<display_value name="dStaminaChangeOT" value=".9"/>
		<passive_effect name="NoiseMultiplier" operation="perc_add" value=".2"/><display_value name="dNoiseMultiplier" value=".2"/>
		<passive_effect name="BuffResistance" operation="base_add" value=".12,.148" tags="buffInfectionCatch,buffInjuryBleeding,buffInjuryStunned01"/><passive_effect name="BuffResistance" operation="base_add" value=".03" tags="buffInfectionCatch"/><passive_effect name="BuffResistance" operation="base_add" value=".01" tags="buffInjuryBleeding"/>
	</effect_group>
	<property class="UMA">
		<property name="Mesh" value="male_armor_heavy_bandit_chest"/>
		<property name="Overlay0" value="bandit_armor"/>
		<property name="Layer" value="2"/>
		<property name="UISlot" value="ChestArmor"/>
	</property>
</item>
	
	
	
<item name="armorIronLegsBM">
	<property name="Extends" value="armorIronLegs" param1="CustomIcon"/>
	<property name="Tags" value="lowerbody,legs,armor,armorLegs,heavyArmor,heavyArmorPenalty,canHaveCosmetic,heavyArmorDeg"/>
	<property name="CustomIcon" value="armorIronLegs"/>
	<property name="CustomIconTint" value="ebeb34"/>
	<property name="EquipSlot" value="Legs"/>
	<effect_group>
		<passive_effect name="ModSlots" operation="base_set" value="1,2,3,3,4,5" tier="1,2,3,4,5,6"/>
		<passive_effect name="PhysicalDamageResist" operation="base_add" value="20.3,40"/>
		<passive_effect name="ElementalDamageResist" operation="base_add" value="1" tags="lowerbody,heat,electrical"/>
		<passive_effect name="DegradationMax" operation="base_set" value="400,800" tier="1,6"/>
		<passive_effect name="DegradationPerUse" operation="base_set" value="1"/>

		<passive_effect name="Mobility" operation="perc_add" value=".06"/>
		<passive_effect name="StaminaChangeOT" operation="perc_add" value=".045" tags="walking"/>
		<passive_effect name="StaminaChangeOT" operation="perc_add" value=".09" tags="running"/>
		<display_value name="dStaminaChangeOT" value="-.9"/>
		<passive_effect name="NoiseMultiplier" operation="perc_add" value=".2"/><display_value name="dNoiseMultiplier" value=".2"/>
		<passive_effect name="BuffResistance" operation="base_add" value=".12,.148" tags="buffInfectionCatch,buffInjuryBleeding,buffInjuryStunned01"/><passive_effect name="BuffResistance" operation="base_add" value=".03" tags="buffInfectionCatch"/><passive_effect name="BuffResistance" operation="base_add" value=".01" tags="buffInjuryBleeding"/>
	</effect_group>
	<property class="UMA">
		<property name="Mesh" value="armor_heavy_bandit_legarmor"/>
		<property name="Overlay0" value="bandit_armor"/>
		<property name="Layer" value="3"/>
		<property name="UISlot" value="LegArmor"/>
	</property>
</item>

<item name="armorIronBootsBM">
	<property name="Extends" value="armorIronMaster" param1="CustomIcon"/>
	<property name="Tags" value="lowerbody,feet,armor,armorFeet,heavyArmor,heavyArmorPenalty,canHaveCosmetic,heavyArmorDeg"/>
	<property name="CustomIcon" value="armorIronBoots"/>
	<property name="CustomIconTint" value="ebeb34"/>
	<property name="EquipSlot" value="Feet"/>
	<effect_group>
		<passive_effect name="ModSlots" operation="base_set" value="1,2,3,3,4,5" tier="1,2,3,4,5,6"/>
		<passive_effect name="PhysicalDamageResist" operation="base_add" value="20,40"/>
		<passive_effect name="ElementalDamageResist" operation="base_add" value="1" tags="lowerbody,heat,electrical"/>
		<passive_effect name="DegradationMax" operation="base_set" value="400,800" tier="1,6"/>
		<passive_effect name="DegradationPerUse" operation="base_set" value="1"/>

		<passive_effect name="Mobility" operation="perc_add" value="-.06"/>
		<passive_effect name="StaminaChangeOT" operation="perc_add" value=".045" tags="walking"/>
		<passive_effect name="StaminaChangeOT" operation="perc_add" value=".09" tags="running"/>
		<display_value name="dStaminaChangeOT" value=".9"/>
		<passive_effect name="NoiseMultiplier" operation="perc_add" value=".2"/><display_value name="dNoiseMultiplier" value=".2"/>
		<passive_effect name="BuffResistance" operation="base_add" value=".12,.148" tags="buffInfectionCatch,buffInjuryBleeding,buffInjuryStunned01"/><passive_effect name="BuffResistance" operation="base_add" value=".03" tags="buffInfectionCatch"/><passive_effect name="BuffResistance" operation="base_add" value=".01" tags="buffInjuryBleeding"/>
	</effect_group>
	<property class="UMA">
		<property name="Mesh" value="armor_heavy_bandit_feet"/>
		<property name="Overlay0" value="bandit_armor"/>
		<property name="Layer" value="0"/>
		<property name="UISlot" value="Footwear"/>
	</property>
</item>


	

	
	
	
	
	 </append>
 </configs>





















