<configs>
	<append xpath="/controls">
	
		<Large_Storage_item_stack>
			<rect controller="ItemStack" style="LargeStorageitemStack, hover" collider_scale="1.1">
				<sprite depth="2" name="backgroundMain" sprite="menu_empty3px" pos="-3,3" width="58" height="58" color="[black]" type="sliced" fillcenter="false" />	
				<sprite depth="3" name="background" sprite="menu_empty3px" width="53" height="53" color="[darkGrey]" type="sliced" globalopacity="true" fillcenter="false"/>
				<sprite depth="2" name="highlightOverlay" width="52" height="52" color="[darkGrey]" pos="0,0" type="sliced" globalopacity="true"/>

				<texture depth="3" name="backgroundTexture" material="Materials/Transparent Colored" size="73,73" globalopacity="true"/>
				
				<sprite depth="4" name="itemIcon" width="50" height="40" atlas="ItemIconAtlas" sprite="{itemicon}" pos="27,-25" pivot="center" foregroundlayer="true" color="{iconcolor}" />
				<sprite depth="8" name="lockTypeIcon" width="24" height="24" sprite="" pos="2,-2" foregroundlayer="true"/>
				
				<sprite depth="3" name="durabilityBackground" width="50" height="8" sprite="menu_empty3px" color="[darkGrey]" type="sliced" pos="1, -45" foregroundlayer="true"/>
				<filledsprite depth="4" name="durability" width="50" height="8" sprite="menu_empty2px" color="[transparent]" type="filled" pos="1, -45" foregroundlayer="true"/>
				
				<sprite depth="5" name="disabledOverlay" width="52" height="52" color="[darkGrey_half_alpha]" pos="1,-1" type="sliced" visible="false"/>
				
				<label depth="7" name="stackValue" pos="-20,-33" width="70" height="28" text="{itemcount}" font_size="20" effect="outline" justify="center" />
				<label depth="7" name="timer" pos="35,-38" width="70" height="24" font_size="24" justify="center" pivot="center" effect="outline" color="[beige]"/>
				<sprite depth="9" name="cancel" sprite="ui_game_symbol_x" width="50" height="50" color="255,0,0,255" type="sliced" visible="false" foregroundlayer="true"/>
				<!--#$-IGS BEGIN: Setting itemName above the soft cursor. -$#-->
				<label depth="12" name="itemName" pos="36,-5" width="0" height="0" text="" font_size="20" justify="center" overflow="resizefreely" effect="outline" pivot="center" above_soft_cursor="true"/>
				<!--*#$-IGS END.-$#-->
				<sprite depth="13" name="assembleIcon" size="40,40" sprite="{stacklockicon}" visible="{isassemblelocked}" pos="14,-14" foregroundlayer="true" />
			</rect>
		</Large_Storage_item_stack>
	
	</append>
</configs>