<stallionsden>
<!-- <set xpath="/items/item/property[@name='Stacknumber' and not(@value='1')]/@value">30000</set> --> <!-- This increases all stacksizes to one value -->

<!-- set xpath changes a value already in a item/append xpath adds a line the item doesnt have -->

<!-- insertAfter xpath inserts item after another item etc at a specific spot IE: hand master has to be exact spot -->

<!-- insertBefore xpath does the opposite of insertAfter so it places code before another item etc. -->

<!-- this changes a value with in code to the value you wish -->
<set xpath="/items/item[starts-with(@name, 'food')]/property[@name='Stacknumber']/@value">250</set>

<set xpath="/items/item[starts-with(@name, 'drink')]/property[@name='Stacknumber']/@value">250</set>

<set xpath="/items/item[starts-with(@name, 'ammo')]/property[@name='Stacknumber']/@value">500</set>

<set xpath="/items/item[starts-with(@name, 'medical')]/property[@name='Stacknumber']/@value">250</set>

<set xpath="/items/item[starts-with(@name, 'drug')]/property[@name='Stacknumber']/@value">250</set>
											
<set xpath="/items/item[starts-with(@name, 'resource')]/property[@name='Stacknumber']/@value">10000</set>

<set xpath="/items/item[starts-with(@name, 'ammoGasCan')]/property[@name='Stacknumber']/@value">10000</set>
<!-- Sunblocker -->
<append xpath="/items/item[@name='sunblocker']">
<property name="Stacknumber" value="150"/>
</append>

<!-- for parts  you have to change the partsmaster & gunAK47Parts and add a whole new line to the rest -->
<set xpath="/items/item[@name='partsMaster']/property[@name='Stacknumber']/@value">150</set> <!-- partsMaster -->

<set xpath="/items/item[@name='gunAk47Parts']/property[@name='Stacknumber']/@value">150</set> <!-- gunAk47Parts -->

<!-- the rest --><!-- this is to add a line to an existing code -->
<append xpath="/items/item[@name='gunTacticalARParts']">
<property name="Stacknumber" value="150"/>
</append>

<append xpath="/items/item[@name='gunM60Parts']">
<property name="Stacknumber" value="150"/>
</append>

<append xpath="/items/item[@name='gunPistolParts']">
<property name="Stacknumber" value="150"/>
</append>

<append xpath="/items/item[@name='gun44MagnumParts']">
<property name="Stacknumber" value="150"/>
</append>

<append xpath="/items/item[@name='gunSMG5Parts']">
<property name="Stacknumber" value="150"/>
</append>

<append xpath="/items/item[@name='gunHuntingRifleParts']">
<property name="Stacknumber" value="150"/>
</append>

<append xpath="/items/item[@name='gunMR10Parts']">
<property name="Stacknumber" value="150"/>
</append>

<append xpath="/items/item[@name='gunDoubleBarrelShotgunParts']">
<property name="Stacknumber" value="150"/>
</append>

<append xpath="/items/item[@name='gunPumpShotgunParts']">
<property name="Stacknumber" value="150"/>
</append>

<append xpath="/items/item[@name='gunBowWoodenParts']">
<property name="Stacknumber" value="150"/>
</append>

<append xpath="/items/item[@name='gunBowCompoundParts']">
<property name="Stacknumber" value="150"/>
</append>

<append xpath="/items/item[@name='gunCrossbowIronParts']">
<property name="Stacknumber" value="150"/>
</append>

<append xpath="/items/item[@name='gunCrossbowCompoundParts']">
<property name="Stacknumber" value="150"/>
</append>

<append xpath="/items/item[@name='gunRocketLauncherParts']">
<property name="Stacknumber" value="150"/>
</append>

<append xpath="/items/item[@name='gunJunkTurretParts']">
<property name="Stacknumber" value="150"/>
</append>

<append xpath="/items/item[@name='meleeStunBatonParts']">
<property name="Stacknumber" value="150"/>
</append>

<append xpath="/items/item[@name='meleeKnucklesSteelParts']">
<property name="Stacknumber" value="150"/>
</append>

<append xpath="/items/item[@name='meleeToolKnifeMacheteParts']">
<property name="Stacknumber" value="150"/>
</append>

<append xpath="/items/item[@name='meleeThrownSpearSteelParts']">
<property name="Stacknumber" value="150"/>
</append>

<append xpath="/items/item[@name='meleeClubBaseballBatParts']">
<property name="Stacknumber" value="150"/>
</append>

<append xpath="/items/item[@name='meleeToolSledgehammerSteelParts']">
<property name="Stacknumber" value="150"/>
</append>

<append xpath="/items/item[@name='meleeToolAllSteelParts']">
<property name="Stacknumber" value="150"/>
</append>

<append xpath="/items/item[@name='armorMilitarySetParts']">
<property name="Stacknumber" value="150"/>
</append>

<append xpath="/items/item[@name='armorSteelSetParts']">
<property name="Stacknumber" value="150"/>
</append>

<append xpath="/items/item[@name='meleeToolChainsawParts']">
<property name="Stacknumber" value="150"/>
</append>

<append xpath="/items/item[@name='meleeToolAugerParts']">
<property name="Stacknumber" value="150"/>
</append>

<!-- End of Parts -->


<!-- OR you can list every single item individually by copy and pasting this [<set xpath="/items/item[@name='ITEMNAME']/property[@name='Stacknumber']/@value">VALUE</set>] and changing the item name to which ever you like and adding a value you wish to increase it to -->
<!-- Dummy Examples -->
<!-- <set xpath="/items/item[@name='ammo9mmBulletBall']/property[@name='Stacknumber']/@value">500</set>

<set xpath="/items/item[@name='ammo9mmBulletHP']/property[@name='Stacknumber']/@value">500</set>

<set xpath="/items/item[@name='ammo9mmBulletAP']/property[@name='Stacknumber']/@value">500</set>

<set xpath="/items/item[@name='ammo44MagnumBulletBall']/property[@name='Stacknumber']/@value">500</set>

<set xpath="/items/item[@name='ammo44MagnumBulletHP']/property[@name='Stacknumber']/@value">500</set> COPY AND PASTE THESE FOR INDIVIDUEL ONES OR TO BE PRECISE-->

<!-- <set xpath="/items/item[@name='ITEMNAME']/property[@name='Stacknumber']/@value">500</set> FOR YOU TO EDIT -->





</stallionsden>