<stallionsden>
<append xpath="/blocks">
<block name="TheWeber9000">
	<property name="Class" value="Campfire"/>
	<property name="CustomIcon" value="cntGasGrillOpen"/>
	<property name="CustomIconTint" value="ff8080"/>
	<property name="CreativeMode" value="Player"/>
	<property name="MaxDamage" value="100"/>
	<property name="StabilitySupport" value="false"/>
	<property name="DisplayInfo" value="Name"/>
	<property name="UnlockedBy" value="theBBQSchematic"/>
	<property name="Material" value="Mmetal"/>
	<property name="Shape" value="ModelEntity"/>
	<property name="Model" value="#Entities/LootContainers?GasGrill_FullPrefab.prefab"/>
	<property name="Place" value="TowardsPlacerInverted"/>
	<property name="ImposterDontBlock" value="true"/>
	<property name="Path" value="solid"/>
	<property name="IsTerrainDecoration" value="true"/>
	<property name="ParticleName" value="campfire"/>
	<property name="ParticleOffset" value="0.5,0,0.5"/>
	<property name="Stacknumber" value="1"/>
	<property name="HeatMapStrength" value="1.5"/>
	<property name="HeatMapTime" value="1200"/>
	<property name="HeatMapFrequency" value="25"/>
	<property name="BuffsWhenWalkedOn" value="buffBurningEnvironment"/>
	<property name="ActiveRadiusEffects" value="buffCampfireAOE(3)"/>
	<property class="Workstation">
	<property name="Modules" value="tools,output,fuel,input"/>
	<property name="Collide" value="melee,bullet,arrow,rocket"/>
	</property>
	<property name="WorkstationIcon" value="ui_game_symbol_campfire"/>
	<property name="CraftActionName" value="lblContextActionCook"/>
	<property name="CraftIcon" value="ui_game_symbol_spatula"/>
	<property name="OpenSound" value="campfire_open"/>
	<property name="CloseSound" value="campfire_close"/>
	<property name="CraftSound" value="campfire_cook_click"/>
	<property name="CraftCompleteSound" value="campfire_complete_item"/>
	<property name="WorkstationJournalTip" value="campfireTip"/>
	<property class="RepairItems"> <property name="resourceForgedIron" value="2"/> <property name="resourceMechanicalParts" value="1"/> </property>
	<drop event="Harvest" name="terrStone" count="0" tool_category="Disassemble"/>
	<drop event="Harvest" name="resourceMechanicalParts" count="0,1" tag="salvageHarvest"/>
	<drop event="Destroy" name="resourceScrapIron" count="1,15"/>
	<drop event="Fall" name="scrapMetalPile" count="1" prob="0.75" stick_chance="1"/>
	<property name="Group" value="Basics,Food/Cooking,Building,advBuilding"/>
	<property name="DescriptionKey" value="campfireDesc"/>
	<property name="EconomicValue" value="5"/>
	<property name="EconomicBundleSize" value="1"/>
	<property name="SellableToTrader" value="true"/>
	<property name="FilterTags" value="fdecor,fother,ffurniture"/>
	<property name="SortOrder1" value="70i0"/>
	</block>	
</append>
</stallionsden>