<configs>


<append xpath="/traders/trader_item_groups/trader_item_group[@name='rareTools']">
	<item name="meleeToolKnifeCandyFernsBadAssKnifeBM" prob="1" />
		<item name="meleeToolBossBadAssAxeBM" prob="1.1" />
		<item name="meleeClubBossBadAssClubBM" prob="4.5" />
		<item name="meleeToolBossWrenchBM" prob="3.5" />
		<item name="medicalFirstAidKitAllowCreamBM" prob="4.5" />
		<item name="gunBowPrimitiveBossBasAssBowBM" prob="4.5" />
		<item name="gunMR10Boss50CalBM" prob="1.5" />
		<item name="gunJunkTurretBM" prob="2.5" />
		<item name="gunToolNailgunBM" prob="4.5" />
		<item name="gunPistol44MagBM" prob="5" />
		<item name="gunBlunderbussBM" prob="1.5" />
		<item name="ammoBlunderbussBM" prob="5" />
		<item name="armorIronGlovesBM" prob="5" />
		<item name="armorIronHelmetBM" prob="4.5" />
		<item name="armorIronChestBM" prob="5" />
		<item name="armorIronLegsBM" prob="5" />
		<item name="armorIronBootsBM" prob="5" />
		
		
	
	
	
	
	
</append>


<append xpath="/traders/trader_item_groups/trader_item_group[@name='tools']">
	<item name="ammo762mmBulletBallBoss50CalBM" count="1,3" prob="0.4" />
</append>





	















</configs>